t_max_ms,cvr_mean,cvr_std,U_max_mean
1,0.9999899999999999,9.949874371066205e-05,6.780228270494397
2,1.0,0.0,8.858148017080993
5,1.0,0.0,6.8756874146090805
10,1.0,0.0,7.156290689259266
20,1.0,0.0,7.454443329208215
50,1.0,0.0,6.382591135869737
100,1.0,0.0,6.727869291770689
