algorithm,run,cvr_mean
RG,0,0.029500000000000005
Micro-LNS,0,0.03325
RA-LNS,0,0.03325
RG,1,0.035750000000000004
Micro-LNS,1,0.044750000000000005
RA-LNS,1,0.044750000000000005
RG,2,0.00475
Micro-LNS,2,0.00425
RA-LNS,2,0.00425
RG,3,0.02525
Micro-LNS,3,0.029500000000000005
RA-LNS,3,0.029500000000000005
RG,4,0.07425000000000001
Micro-LNS,4,0.11075000000000002
RA-LNS,4,0.11075000000000002
